Label, X, Y
editor,1303.73046875,494.51171875
new chat,223.40625,113.421875
chat message,1076.3125,1024.3125
