Label, X, Y
editor,1303.73046875,494.51171875
left side,444.9921875,494.49609375
right side,1412.94140625,507.7890625
new chat,227.92578125,153.08984375
chat message,1064.86328125,1064.671875
