Label, X, Y
editor,1303.73046875,494.51171875
