Label, X, Y
editor,1303.73046875,494.51171875
new chat,223.40625,113.421875
chat message,1076.3125,1024.3125
left side,444.9921875,494.49609375
right side,1412.94140625,507.7890625
